lang,rank,k,accuracy,macro_f1
en,1,1,0.3416666666666667,0.3228218767758445
en,1,2,0.4,0.39196421524331415
en,1,3,0.5666666666666667,0.5599358565331333
en,1,4,0.6,0.5907111004937091
en,1,5,0.6666666666666666,0.6523467192570804
en,1,6,0.6416666666666667,0.6351506109690253
en,1,7,0.6416666666666667,0.6289256809106621
en,1,8,0.65,0.6345475946476151
en,1,9,0.675,0.6677179962894249
en,1,10,0.7083333333333334,0.7098878248974009
en,1,11,0.725,0.7209841269841271
en,1,12,0.7333333333333333,0.727049376504684
en,1,13,0.75,0.7416879631995912
en,1,14,0.7333333333333333,0.7234039769754055
en,1,15,0.725,0.7185792200759945
en,1,16,0.7333333333333333,0.7254594800276902
en,1,17,0.75,0.7435526675786595
en,1,18,0.7333333333333333,0.7259510539159135
en,1,19,0.7333333333333333,0.7278140656649508
en,1,20,0.7166666666666667,0.711022263450835
en,1,21,0.7166666666666667,0.711022263450835
es,2,1,0.31666666666666665,0.29528325205656036
es,2,2,0.475,0.46716690716690723
es,2,3,0.575,0.5633688006833353
es,2,4,0.6166666666666667,0.6097093382807668
es,2,5,0.6416666666666667,0.6347708210259078
es,2,6,0.6833333333333333,0.6764395254509921
es,2,7,0.625,0.618017316017316
es,2,8,0.6,0.5930534442740134
es,2,9,0.6083333333333333,0.6086268820874577
es,2,10,0.6083333333333333,0.6070704322432026
es,2,11,0.5916666666666667,0.594494910020746
es,2,12,0.6166666666666667,0.6158056981657911
es,2,13,0.6416666666666667,0.6366280072312613
es,2,14,0.6333333333333333,0.6224882980263475
es,2,15,0.65,0.6419591275021027
es,2,16,0.65,0.6508429458740017
es,2,17,0.6416666666666667,0.6363008636078545
es,2,18,0.65,0.6482248033348399
es,2,19,0.6333333333333333,0.6322943877744521
es,2,20,0.625,0.6235089643515458
es,2,21,0.625,0.6247462621412201
hi,7,1,0.3697478991596639,0.321776531316005
hi,7,2,0.42857142857142855,0.4108043217286914
hi,7,3,0.4789915966386555,0.46544568130282415
hi,7,4,0.5042016806722689,0.48868239603533725
hi,7,5,0.5210084033613446,0.49647898147617137
hi,7,6,0.5714285714285714,0.5474136824541136
hi,7,7,0.5546218487394958,0.5309929078014184
hi,7,8,0.5798319327731093,0.5664397161285855
hi,7,9,0.5882352941176471,0.5774267129516335
hi,7,10,0.5630252100840336,0.5417786947543867
hi,7,11,0.5714285714285714,0.5603538643052322
hi,7,12,0.6554621848739496,0.6449865283136837
hi,7,13,0.6470588235294118,0.6398587888396328
hi,7,14,0.6386554621848739,0.6342459111304096
hi,7,15,0.6302521008403361,0.6270872397062434
hi,7,16,0.6050420168067226,0.5987358769594795
hi,7,17,0.6050420168067226,0.597030303030303
hi,7,18,0.6302521008403361,0.6232806324110671
hi,7,19,0.6386554621848739,0.6313958785095066
hi,7,20,0.6470588235294118,0.6444614947428247
hi,7,21,0.6386554621848739,0.6344444444444444
ja,5,1,0.4083333333333333,0.3606852335528806
ja,5,2,0.5083333333333333,0.49816472251679045
ja,5,3,0.6333333333333333,0.6257947352854185
ja,5,4,0.675,0.6665671929149017
ja,5,5,0.7416666666666667,0.7461651469098277
ja,5,6,0.7166666666666667,0.7216620887592209
ja,5,7,0.7833333333333333,0.7865628407391325
ja,5,8,0.7333333333333333,0.7406204483434062
ja,5,9,0.725,0.7270192217411457
ja,5,10,0.7166666666666667,0.7208814229249012
ja,5,11,0.7083333333333334,0.7110435663627153
ja,5,12,0.725,0.7259025356388908
ja,5,13,0.7333333333333333,0.7323529411764707
ja,5,14,0.7166666666666667,0.7174699667100882
ja,5,15,0.675,0.674945722970039
ja,5,16,0.7,0.6985763760049475
ja,5,17,0.6916666666666667,0.6906780045351473
ja,5,18,0.7083333333333334,0.7071746031746031
ja,5,19,0.7083333333333334,0.7071746031746031
ja,5,20,0.7083333333333334,0.7071746031746031
ja,5,21,0.7083333333333334,0.7071746031746031
ru,4,1,0.3416666666666667,0.3054872396043873
ru,4,2,0.5166666666666667,0.5092051267300437
ru,4,3,0.625,0.6241292920498449
ru,4,4,0.675,0.6765347985347986
ru,4,5,0.6833333333333333,0.680306905370844
ru,4,6,0.6333333333333333,0.6335726063475036
ru,4,7,0.6166666666666667,0.61963449712089
ru,4,8,0.6416666666666667,0.6445275200989486
ru,4,9,0.6333333333333333,0.6316231884057971
ru,4,10,0.65,0.6519684469532494
ru,4,11,0.6333333333333333,0.6322765957446809
ru,4,12,0.65,0.6500622335890878
ru,4,13,0.6166666666666667,0.6161040189125296
ru,4,14,0.5916666666666667,0.5977858293075684
ru,4,15,0.625,0.6291510191935723
ru,4,16,0.6083333333333333,0.6092349244957942
ru,4,17,0.6166666666666667,0.6191996912240073
ru,4,18,0.6416666666666667,0.6453399850226862
ru,4,19,0.6666666666666666,0.6685344918109088
ru,4,20,0.6666666666666666,0.6707774936061381
ru,4,21,0.65,0.6542387041773232
tr,6,1,0.2833333333333333,0.24688294974009262
tr,6,2,0.45,0.4158800443799988
tr,6,3,0.5666666666666667,0.5316478056815126
tr,6,4,0.5583333333333333,0.5416700666394669
tr,6,5,0.5083333333333333,0.5051653660349313
tr,6,6,0.525,0.5233229824146892
tr,6,7,0.4666666666666667,0.4527029299038666
tr,6,8,0.44166666666666665,0.430858572321987
tr,6,9,0.5,0.49388964474678765
tr,6,10,0.5083333333333333,0.5083116589564867
tr,6,11,0.525,0.5322121885504686
tr,6,12,0.5583333333333333,0.5634796817277635
tr,6,13,0.5833333333333334,0.58887946482941
tr,6,14,0.5833333333333334,0.5873297177026839
tr,6,15,0.5833333333333334,0.5934137165731006
tr,6,16,0.5666666666666667,0.5748865327292709
tr,6,17,0.5666666666666667,0.576285701202717
tr,6,18,0.5583333333333333,0.5649692671394799
tr,6,19,0.5833333333333334,0.5880368147258903
tr,6,20,0.5916666666666667,0.5957651044607566
tr,6,21,0.5916666666666667,0.5962273274698004
zh,3,1,0.44166666666666665,0.43370726618808464
zh,3,2,0.55,0.5430748299319728
zh,3,3,0.6416666666666667,0.6342482025626062
zh,3,4,0.6416666666666667,0.6346312943782164
zh,3,5,0.6333333333333333,0.6296755034702469
zh,3,6,0.6916666666666667,0.6893374741200828
zh,3,7,0.65,0.6460221951961083
zh,3,8,0.7,0.6948663930688556
zh,3,9,0.6916666666666667,0.6927920104211898
zh,3,10,0.6916666666666667,0.6898299686201955
zh,3,11,0.7,0.7001700680272108
zh,3,12,0.7,0.6956867853524389
zh,3,13,0.6916666666666667,0.6905398414685022
zh,3,14,0.675,0.6772640480087289
zh,3,15,0.6583333333333333,0.6561072670447288
zh,3,16,0.65,0.6469528658903277
zh,3,17,0.65,0.6478312145947633
zh,3,18,0.6583333333333333,0.6566389400824356
zh,3,19,0.65,0.645477316221997
zh,3,20,0.625,0.6180022871859924
zh,3,21,0.65,0.643758384746968
pooled,0,1,0.33253873659118,0.29771972298634575
pooled,0,2,0.5017878426698451,0.4788190968491836
pooled,0,3,0.5399284862932062,0.529217256041644
pooled,0,4,0.564958283671037,0.5561677241245653
pooled,0,5,0.5756853396901073,0.5692767592202241
pooled,0,6,0.5935637663885578,0.5873194399070416
pooled,0,7,0.5887961859356377,0.5812265597285231
pooled,0,8,0.5840286054827175,0.5797344670093169
pooled,0,9,0.5840286054827175,0.5799622197931364
pooled,0,10,0.5911799761620977,0.584242622359979
pooled,0,11,0.599523241954708,0.5939431286360316
pooled,0,12,0.6066746126340882,0.602218274608321
pooled,0,13,0.6209773539928486,0.6157637897180901
pooled,0,14,0.6174016686531585,0.6135399427923597
pooled,0,15,0.6150178784266984,0.6104168127991294
pooled,0,16,0.6126340882002383,0.6073670009879881
pooled,0,17,0.6054827175208581,0.599063252943774
pooled,0,18,0.6126340882002383,0.6077659691225555
pooled,0,19,0.6197854588796186,0.6152658412847914
pooled,0,20,0.6221692491060786,0.6196051864181277
pooled,0,21,0.6162097735399285,0.6126471332445993
